{"ABeeZee":["regular","italic"],"Abel":["regular"],"Abril Fatface":["regular"],"Aclonica":["regular"],"Acme":["regular"],"Actor":["regular"],"Adamina":["regular"],"Advent Pro":["100","200","300","regular","500","600","700"],"Aguafina Script":["regular"],"Akronim":["regular"],"Aladin":["regular"],"Aldrich":["regular"],"Alef":["regular","700"],"Alegreya":["regular","italic","700","700italic","900","900italic"],"Alegreya SC":["regular","italic","700","700italic","900","900italic"],"Alegreya Sans":["100","100italic","300","300italic","regular","italic","500","500italic","700","700italic","800","800italic","900","900italic"],"Alegreya Sans SC":["100","100italic","300","300italic","regular","italic","500","500italic","700","700italic","800","800italic","900","900italic"],"Alex Brush":["regular"],"Alfa Slab One":["regular"],"Alice":["regular"],"Alike":["regular"],"Alike Angular":["regular"],"Allan":["regular","700"],"Allerta":["regular"],"Allerta Stencil":["regular"],"Allura":["regular"],"Almendra":["regular","italic","700","700italic"],"Almendra Display":["regular"],"Almendra SC":["regular"],"Amarante":["regular"],"Amaranth":["regular","italic","700","700italic"],"Amatic SC":["regular","700"],"Amethysta":["regular"],"Anaheim":["regular"],"Andada":["regular"],"Andika":["regular"],"Angkor":["regular"],"Annie Use Your Telescope":["regular"],"Anonymous Pro":["regular","italic","700","700italic"],"Antic":["regular"],"Antic Didone":["regular"],"Antic Slab":["regular"],"Anton":["regular"],"Arapey":["regular","italic"],"Arbutus":["regular"],"Arbutus Slab":["regular"],"Architects Daughter":["regular"],"Archivo Black":["regular"],"Archivo Narrow":["regular","italic","700","700italic"],"Arimo":["regular","italic","700","700italic"],"Arizonia":["regular"],"Armata":["regular"],"Artifika":["regular"],"Arvo":["regular","italic","700","700italic"],"Asap":["regular","italic","700","700italic"],"Asset":["regular"],"Astloch":["regular","700"],"Asul":["regular","700"],"Atomic Age":["regular"],"Aubrey":["regular"],"Audiowide":["regular"],"Autour One":["regular"],"Average":["regular"],"Average Sans":["regular"],"Averia Gruesa Libre":["regular"],"Averia Libre":["300","300italic","regular","italic","700","700italic"],"Averia Sans Libre":["300","300italic","regular","italic","700","700italic"],"Averia Serif Libre":["300","300italic","regular","italic","700","700italic"],"Bad Script":["regular"],"Balthazar":["regular"],"Bangers":["regular"],"Basic":["regular"],"Battambang":["regular","700"],"Baumans":["regular"],"Bayon":["regular"],"Belgrano":["regular"],"Belleza":["regular"],"BenchNine":["300","regular","700"],"Bentham":["regular"],"Berkshire Swash":["regular"],"Bevan":["regular"],"Bigelow Rules":["regular"],"Bigshot One":["regular"],"Bilbo":["regular"],"Bilbo Swash Caps":["regular"],"Bitter":["regular","italic","700"],"Black Ops One":["regular"],"Bokor":["regular"],"Bonbon":["regular"],"Boogaloo":["regular"],"Bowlby One":["regular"],"Bowlby One SC":["regular"],"Brawler":["regular"],"Bree Serif":["regular"],"Bubblegum Sans":["regular"],"Bubbler One":["regular"],"Buda":["300"],"Buenard":["regular","700"],"Butcherman":["regular"],"Butterfly Kids":["regular"],"Cabin":["regular","italic","500","500italic","600","600italic","700","700italic"],"Cabin Condensed":["regular","500","600","700"],"Cabin Sketch":["regular","700"],"Caesar Dressing":["regular"],"Cagliostro":["regular"],"Calligraffitti":["regular"],"Cambo":["regular"],"Candal":["regular"],"Cantarell":["regular","italic","700","700italic"],"Cantata One":["regular"],"Cantora One":["regular"],"Capriola":["regular"],"Cardo":["regular","italic","700"],"Carme":["regular"],"Carrois Gothic":["regular"],"Carrois Gothic SC":["regular"],"Carter One":["regular"],"Caudex":["regular","italic","700","700italic"],"Cedarville Cursive":["regular"],"Ceviche One":["regular"],"Changa One":["regular","italic"],"Chango":["regular"],"Chau Philomene One":["regular","italic"],"Chela One":["regular"],"Chelsea Market":["regular"],"Chenla":["regular"],"Cherry Cream Soda":["regular"],"Cherry Swash":["regular","700"],"Chewy":["regular"],"Chicle":["regular"],"Chivo":["regular","italic","900","900italic"],"Cinzel":["regular","700","900"],"Cinzel Decorative":["regular","700","900"],"Clicker Script":["regular"],"Coda":["regular","800"],"Coda Caption":["800"],"Codystar":["300","regular"],"Combo":["regular"],"Comfortaa":["300","regular","700"],"Coming Soon":["regular"],"Concert One":["regular"],"Condiment":["regular"],"Content":["regular","700"],"Contrail One":["regular"],"Convergence":["regular"],"Cookie":["regular"],"Copse":["regular"],"Corben":["regular","700"],"Courgette":["regular"],"Cousine":["regular","italic","700","700italic"],"Coustard":["regular","900"],"Covered By Your Grace":["regular"],"Crafty Girls":["regular"],"Creepster":["regular"],"Crete Round":["regular","italic"],"Crimson Text":["regular","italic","600","600italic","700","700italic"],"Croissant One":["regular"],"Crushed":["regular"],"Cuprum":["regular","italic","700","700italic"],"Cutive":["regular"],"Cutive Mono":["regular"],"Damion":["regular"],"Dancing Script":["regular","700"],"Dangrek":["regular"],"Dawning of a New Day":["regular"],"Days One":["regular"],"Delius":["regular"],"Delius Swash Caps":["regular"],"Delius Unicase":["regular","700"],"Della Respira":["regular"],"Denk One":["regular"],"Devonshire":["regular"],"Dhurjati":["regular"],"Didact Gothic":["regular"],"Diplomata":["regular"],"Diplomata SC":["regular"],"Domine":["regular","700"],"Donegal One":["regular"],"Doppio One":["regular"],"Dorsa":["regular"],"Dosis":["200","300","regular","500","600","700","800"],"Dr Sugiyama":["regular"],"Droid Sans":["regular","700"],"Droid Sans Mono":["regular"],"Droid Serif":["regular","italic","700","700italic"],"Duru Sans":["regular"],"Dynalight":["regular"],"EB Garamond":["regular"],"Eagle Lake":["regular"],"Eater":["regular"],"Economica":["regular","italic","700","700italic"],"Ek Mukta":["200","300","regular","500","600","700","800"],"Electrolize":["regular"],"Elsie":["regular","900"],"Elsie Swash Caps":["regular","900"],"Emblema One":["regular"],"Emilys Candy":["regular"],"Engagement":["regular"],"Englebert":["regular"],"Enriqueta":["regular","700"],"Erica One":["regular"],"Esteban":["regular"],"Euphoria Script":["regular"],"Ewert":["regular"],"Exo":["100","100italic","200","200italic","300","300italic","regular","italic","500","500italic","600","600italic","700","700italic","800","800italic","900","900italic"],"Exo 2":["100","100italic","200","200italic","300","300italic","regular","italic","500","500italic","600","600italic","700","700italic","800","800italic","900","900italic"],"Expletus Sans":["regular","italic","500","500italic","600","600italic","700","700italic"],"Fanwood Text":["regular","italic"],"Fascinate":["regular"],"Fascinate Inline":["regular"],"Faster One":["regular"],"Fasthand":["regular"],"Fauna One":["regular"],"Federant":["regular"],"Federo":["regular"],"Felipa":["regular"],"Fenix":["regular"],"Finger Paint":["regular"],"Fira Mono":["regular","700"],"Fira Sans":["300","300italic","regular","italic","500","500italic","700","700italic"],"Fjalla One":["regular"],"Fjord One":["regular"],"Flamenco":["300","regular"],"Flavors":["regular"],"Fondamento":["regular","italic"],"Fontdiner Swanky":["regular"],"Forum":["regular"],"Francois One":["regular"],"Freckle Face":["regular"],"Fredericka the Great":["regular"],"Fredoka One":["regular"],"Freehand":["regular"],"Fresca":["regular"],"Frijole":["regular"],"Fruktur":["regular"],"Fugaz One":["regular"],"GFS Didot":["regular"],"GFS Neohellenic":["regular","italic","700","700italic"],"Gabriela":["regular"],"Gafata":["regular"],"Galdeano":["regular"],"Galindo":["regular"],"Gentium Basic":["regular","italic","700","700italic"],"Gentium Book Basic":["regular","italic","700","700italic"],"Geo":["regular","italic"],"Geostar":["regular"],"Geostar Fill":["regular"],"Germania One":["regular"],"Gidugu":["regular"],"Gilda Display":["regular"],"Give You Glory":["regular"],"Glass Antiqua":["regular"],"Glegoo":["regular","700"],"Gloria Hallelujah":["regular"],"Goblin One":["regular"],"Gochi Hand":["regular"],"Gorditas":["regular","700"],"Goudy Bookletter 1911":["regular"],"Graduate":["regular"],"Grand Hotel":["regular"],"Gravitas One":["regular"],"Great Vibes":["regular"],"Griffy":["regular"],"Gruppo":["regular"],"Gudea":["regular","italic","700"],"Gurajada":["regular"],"Habibi":["regular"],"Halant":["300","regular","500","600","700"],"Hammersmith One":["regular"],"Hanalei":["regular"],"Hanalei Fill":["regular"],"Handlee":["regular"],"Hanuman":["regular","700"],"Happy Monkey":["regular"],"Headland One":["regular"],"Henny Penny":["regular"],"Herr Von Muellerhoff":["regular"],"Hind":["300","regular","500","600","700"],"Holtwood One SC":["regular"],"Homemade Apple":["regular"],"Homenaje":["regular"],"IM Fell DW Pica":["regular","italic"],"IM Fell DW Pica SC":["regular"],"IM Fell Double Pica":["regular","italic"],"IM Fell Double Pica SC":["regular"],"IM Fell English":["regular","italic"],"IM Fell English SC":["regular"],"IM Fell French Canon":["regular","italic"],"IM Fell French Canon SC":["regular"],"IM Fell Great Primer":["regular","italic"],"IM Fell Great Primer SC":["regular"],"Iceberg":["regular"],"Iceland":["regular"],"Imprima":["regular"],"Inconsolata":["regular","700"],"Inder":["regular"],"Indie Flower":["regular"],"Inika":["regular","700"],"Irish Grover":["regular"],"Istok Web":["regular","italic","700","700italic"],"Italiana":["regular"],"Italianno":["regular"],"Jacques Francois":["regular"],"Jacques Francois Shadow":["regular"],"Jim Nightshade":["regular"],"Jockey One":["regular"],"Jolly Lodger":["regular"],"Josefin Sans":["100","100italic","300","300italic","regular","italic","600","600italic","700","700italic"],"Josefin Slab":["100","100italic","300","300italic","regular","italic","600","600italic","700","700italic"],"Joti One":["regular"],"Judson":["regular","italic","700"],"Julee":["regular"],"Julius Sans One":["regular"],"Junge":["regular"],"Jura":["300","regular","500","600"],"Just Another Hand":["regular"],"Just Me Again Down Here":["regular"],"Kalam":["300","regular","700"],"Kameron":["regular","700"],"Kantumruy":["300","regular","700"],"Karla":["regular","italic","700","700italic"],"Karma":["300","regular","500","600","700"],"Kaushan Script":["regular"],"Kavoon":["regular"],"Kdam Thmor":["regular"],"Keania One":["regular"],"Kelly Slab":["regular"],"Kenia":["regular"],"Khand":["300","regular","500","600","700"],"Khmer":["regular"],"Kite One":["regular"],"Knewave":["regular"],"Kotta One":["regular"],"Koulen":["regular"],"Kranky":["regular"],"Kreon":["300","regular","700"],"Kristi":["regular"],"Krona One":["regular"],"La Belle Aurore":["regular"],"Laila":["300","regular","500","600","700"],"Lakki Reddy":["regular"],"Lancelot":["regular"],"Lato":["100","100italic","300","300italic","regular","italic","700","700italic","900","900italic"],"League Script":["regular"],"Leckerli One":["regular"],"Ledger":["regular"],"Lekton":["regular","italic","700"],"Lemon":["regular"],"Libre Baskerville":["regular","italic","700"],"Life Savers":["regular","700"],"Lilita One":["regular"],"Lily Script One":["regular"],"Limelight":["regular"],"Linden Hill":["regular","italic"],"Lobster":["regular"],"Lobster Two":["regular","italic","700","700italic"],"Londrina Outline":["regular"],"Londrina Shadow":["regular"],"Londrina Sketch":["regular"],"Londrina Solid":["regular"],"Lora":["regular","italic","700","700italic"],"Love Ya Like A Sister":["regular"],"Loved by the King":["regular"],"Lovers Quarrel":["regular"],"Luckiest Guy":["regular"],"Lusitana":["regular","700"],"Lustria":["regular"],"Macondo":["regular"],"Macondo Swash Caps":["regular"],"Magra":["regular","700"],"Maiden Orange":["regular"],"Mako":["regular"],"Mallanna":["regular"],"Mandali":["regular"],"Marcellus":["regular"],"Marcellus SC":["regular"],"Marck Script":["regular"],"Margarine":["regular"],"Marko One":["regular"],"Marmelad":["regular"],"Marvel":["regular","italic","700","700italic"],"Mate":["regular","italic"],"Mate SC":["regular"],"Maven Pro":["regular","500","700","900"],"McLaren":["regular"],"Meddon":["regular"],"MedievalSharp":["regular"],"Medula One":["regular"],"Megrim":["regular"],"Meie Script":["regular"],"Merienda":["regular","700"],"Merienda One":["regular"],"Merriweather":["300","300italic","regular","italic","700","700italic","900","900italic"],"Merriweather Sans":["300","300italic","regular","italic","700","700italic","800","800italic"],"Metal":["regular"],"Metal Mania":["regular"],"Metamorphous":["regular"],"Metrophobic":["regular"],"Michroma":["regular"],"Milonga":["regular"],"Miltonian":["regular"],"Miltonian Tattoo":["regular"],"Miniver":["regular"],"Miss Fajardose":["regular"],"Modern Antiqua":["regular"],"Molengo":["regular"],"Molle":["italic"],"Monda":["regular","700"],"Monofett":["regular"],"Monoton":["regular"],"Monsieur La Doulaise":["regular"],"Montaga":["regular"],"Montez":["regular"],"Montserrat":["regular","700"],"Montserrat Alternates":["regular","700"],"Montserrat Subrayada":["regular","700"],"Moul":["regular"],"Moulpali":["regular"],"Mountains of Christmas":["regular","700"],"Mouse Memoirs":["regular"],"Mr Bedfort":["regular"],"Mr Dafoe":["regular"],"Mr De Haviland":["regular"],"Mrs Saint Delafield":["regular"],"Mrs Sheppards":["regular"],"Muli":["300","300italic","regular","italic"],"Mystery Quest":["regular"],"NTR":["regular"],"Neucha":["regular"],"Neuton":["200","300","regular","italic","700","800"],"New Rocker":["regular"],"News Cycle":["regular","700"],"Niconne":["regular"],"Nixie One":["regular"],"Nobile":["regular","italic","700","700italic"],"Nokora":["regular","700"],"Norican":["regular"],"Nosifer":["regular"],"Nothing You Could Do":["regular"],"Noticia Text":["regular","italic","700","700italic"],"Noto Sans":["regular","italic","700","700italic"],"Noto Serif":["regular","italic","700","700italic"],"Nova Cut":["regular"],"Nova Flat":["regular"],"Nova Mono":["regular"],"Nova Oval":["regular"],"Nova Round":["regular"],"Nova Script":["regular"],"Nova Slim":["regular"],"Nova Square":["regular"],"Numans":["regular"],"Nunito":["300","regular","700"],"Odor Mean Chey":["regular"],"Offside":["regular"],"Old Standard TT":["regular","italic","700"],"Oldenburg":["regular"],"Oleo Script":["regular","700"],"Oleo Script Swash Caps":["regular","700"],"Open Sans":["300","300italic","regular","italic","600","600italic","700","700italic","800","800italic"],"Open Sans Condensed":["300","300italic","700"],"Oranienbaum":["regular"],"Orbitron":["regular","500","700","900"],"Oregano":["regular","italic"],"Orienta":["regular"],"Original Surfer":["regular"],"Oswald":["300","regular","700"],"Over the Rainbow":["regular"],"Overlock":["regular","italic","700","700italic","900","900italic"],"Overlock SC":["regular"],"Ovo":["regular"],"Oxygen":["300","regular","700"],"Oxygen Mono":["regular"],"PT Mono":["regular"],"PT Sans":["regular","italic","700","700italic"],"PT Sans Caption":["regular","700"],"PT Sans Narrow":["regular","700"],"PT Serif":["regular","italic","700","700italic"],"PT Serif Caption":["regular","italic"],"Pacifico":["regular"],"Paprika":["regular"],"Parisienne":["regular"],"Passero One":["regular"],"Passion One":["regular","700","900"],"Pathway Gothic One":["regular"],"Patrick Hand":["regular"],"Patrick Hand SC":["regular"],"Patua One":["regular"],"Paytone One":["regular"],"Peddana":["regular"],"Peralta":["regular"],"Permanent Marker":["regular"],"Petit Formal Script":["regular"],"Petrona":["regular"],"Philosopher":["regular","italic","700","700italic"],"Piedra":["regular"],"Pinyon Script":["regular"],"Pirata One":["regular"],"Plaster":["regular"],"Play":["regular","700"],"Playball":["regular"],"Playfair Display":["regular","italic","700","700italic","900","900italic"],"Playfair Display SC":["regular","italic","700","700italic","900","900italic"],"Podkova":["regular","700"],"Poiret One":["regular"],"Poller One":["regular"],"Poly":["regular","italic"],"Pompiere":["regular"],"Pontano Sans":["regular"],"Port Lligat Sans":["regular"],"Port Lligat Slab":["regular"],"Prata":["regular"],"Preahvihear":["regular"],"Press Start 2P":["regular"],"Princess Sofia":["regular"],"Prociono":["regular"],"Prosto One":["regular"],"Puritan":["regular","italic","700","700italic"],"Purple Purse":["regular"],"Quando":["regular"],"Quantico":["regular","italic","700","700italic"],"Quattrocento":["regular","700"],"Quattrocento Sans":["regular","italic","700","700italic"],"Questrial":["regular"],"Quicksand":["300","regular","700"],"Quintessential":["regular"],"Qwigley":["regular"],"Racing Sans One":["regular"],"Radley":["regular","italic"],"Rajdhani":["300","regular","500","600","700"],"Raleway":["100","200","300","regular","500","600","700","800","900"],"Raleway Dots":["regular"],"Ramabhadra":["regular"],"Ramaraja":["regular"],"Rambla":["regular","italic","700","700italic"],"Rammetto One":["regular"],"Ranchers":["regular"],"Rancho":["regular"],"Rationale":["regular"],"Ravi Prakash":["regular"],"Redressed":["regular"],"Reenie Beanie":["regular"],"Revalia":["regular"],"Ribeye":["regular"],"Ribeye Marrow":["regular"],"Righteous":["regular"],"Risque":["regular"],"Roboto":["100","100italic","300","300italic","regular","italic","500","500italic","700","700italic","900","900italic"],"Roboto Condensed":["300","300italic","regular","italic","700","700italic"],"Roboto Slab":["100","300","regular","700"],"Rochester":["regular"],"Rock Salt":["regular"],"Rokkitt":["regular","700"],"Romanesco":["regular"],"Ropa Sans":["regular","italic"],"Rosario":["regular","italic","700","700italic"],"Rosarivo":["regular","italic"],"Rouge Script":["regular"],"Rozha One":["regular"],"Rubik Mono One":["regular"],"Rubik One":["regular"],"Ruda":["regular","700","900"],"Rufina":["regular","700"],"Ruge Boogie":["regular"],"Ruluko":["regular"],"Rum Raisin":["regular"],"Ruslan Display":["regular"],"Russo One":["regular"],"Ruthie":["regular"],"Rye":["regular"],"Sacramento":["regular"],"Sail":["regular"],"Salsa":["regular"],"Sanchez":["regular","italic"],"Sancreek":["regular"],"Sansita One":["regular"],"Sarina":["regular"],"Sarpanch":["regular","500","600","700","800","900"],"Satisfy":["regular"],"Scada":["regular","italic","700","700italic"],"Schoolbell":["regular"],"Seaweed Script":["regular"],"Sevillana":["regular"],"Seymour One":["regular"],"Shadows Into Light":["regular"],"Shadows Into Light Two":["regular"],"Shanti":["regular"],"Share":["regular","italic","700","700italic"],"Share Tech":["regular"],"Share Tech Mono":["regular"],"Shojumaru":["regular"],"Short Stack":["regular"],"Siemreap":["regular"],"Sigmar One":["regular"],"Signika":["300","regular","600","700"],"Signika Negative":["300","regular","600","700"],"Simonetta":["regular","italic","900","900italic"],"Sintony":["regular","700"],"Sirin Stencil":["regular"],"Six Caps":["regular"],"Skranji":["regular","700"],"Slabo 13px":["regular"],"Slabo 27px":["regular"],"Slackey":["regular"],"Smokum":["regular"],"Smythe":["regular"],"Sniglet":["regular","800"],"Snippet":["regular"],"Snowburst One":["regular"],"Sofadi One":["regular"],"Sofia":["regular"],"Sonsie One":["regular"],"Sorts Mill Goudy":["regular","italic"],"Source Code Pro":["200","300","regular","500","600","700","900"],"Source Sans Pro":["200","200italic","300","300italic","regular","italic","600","600italic","700","700italic","900","900italic"],"Source Serif Pro":["regular","600","700"],"Special Elite":["regular"],"Spicy Rice":["regular"],"Spinnaker":["regular"],"Spirax":["regular"],"Squada One":["regular"],"Sree Krushnadevaraya":["regular"],"Stalemate":["regular"],"Stalinist One":["regular"],"Stardos Stencil":["regular","700"],"Stint Ultra Condensed":["regular"],"Stint Ultra Expanded":["regular"],"Stoke":["300","regular"],"Strait":["regular"],"Sue Ellen Francisco":["regular"],"Sunshiney":["regular"],"Supermercado One":["regular"],"Suranna":["regular"],"Suravaram":["regular"],"Suwannaphum":["regular"],"Swanky and Moo Moo":["regular"],"Syncopate":["regular","700"],"Tangerine":["regular","700"],"Taprom":["regular"],"Tauri":["regular"],"Teko":["300","regular","500","600","700"],"Telex":["regular"],"Tenali Ramakrishna":["regular"],"Tenor Sans":["regular"],"Text Me One":["regular"],"The Girl Next Door":["regular"],"Tienne":["regular","700","900"],"Timmana":["regular"],"Tinos":["regular","italic","700","700italic"],"Titan One":["regular"],"Titillium Web":["200","200italic","300","300italic","regular","italic","600","600italic","700","700italic","900"],"Trade Winds":["regular"],"Trocchi":["regular"],"Trochut":["regular","italic","700"],"Trykker":["regular"],"Tulpen One":["regular"],"Ubuntu":["300","300italic","regular","italic","500","500italic","700","700italic"],"Ubuntu Condensed":["regular"],"Ubuntu Mono":["regular","italic","700","700italic"],"Ultra":["regular"],"Uncial Antiqua":["regular"],"Underdog":["regular"],"Unica One":["regular"],"UnifrakturCook":["700"],"UnifrakturMaguntia":["regular"],"Unkempt":["regular","700"],"Unlock":["regular"],"Unna":["regular"],"VT323":["regular"],"Vampiro One":["regular"],"Varela":["regular"],"Varela Round":["regular"],"Vast Shadow":["regular"],"Vesper Libre":["regular","500","700","900"],"Vibur":["regular"],"Vidaloka":["regular"],"Viga":["regular"],"Voces":["regular"],"Volkhov":["regular","italic","700","700italic"],"Vollkorn":["regular","italic","700","700italic"],"Voltaire":["regular"],"Waiting for the Sunrise":["regular"],"Wallpoet":["regular"],"Walter Turncoat":["regular"],"Warnes":["regular"],"Wellfleet":["regular"],"Wendy One":["regular"],"Wire One":["regular"],"Yanone Kaffeesatz":["200","300","regular","700"],"Yellowtail":["regular"],"Yeseva One":["regular"],"Yesteryear":["regular"],"Zeyada":["regular"]}